<?xml version="1.0" encoding="utf-8"?>
<pattern>
	<PRIMARY speed="100">
        <State01 Extra1="false" Extra2="false" Extra3="false" Extra4="true"/>
        <State02 Extra1="true" Extra2="false" Extra3="false" Extra4="false"/>
        <State03 Extra1="false" Extra2="false" Extra3="false" Extra4="true"/>
        <State04 Extra1="true" Extra2="false" Extra3="false" Extra4="false"/>
        <State05 Extra1="false" Extra2="false" Extra3="false" Extra4="true"/>
        
        <State06 Extra1="true" Extra2="false" Extra3="false" Extra4="false"/>
        <State07 Extra1="false" Extra2="false" Extra3="false" Extra4="true"/>
        <State08 Extra1="true" Extra2="false" Extra3="false" Extra4="false"/>
        <State09 Extra1="false" Extra2="false" Extra3="false" Extra4="true"/>
        <State10 Extra1="true" Extra2="false" Extra3="false" Extra4="false"/>
        
        <State11 Extra1="false" Extra2="false" Extra3="false" Extra4="true"/>
        <State12 Extra1="true" Extra2="false" Extra3="false" Extra4="false"/>
        <State13 Extra1="false" Extra2="false" Extra3="false" Extra4="true"/>
        <State14 Extra1="true" Extra2="false" Extra3="false" Extra4="false"/>
        <State15 Extra1="false" Extra2="false" Extra3="false" Extra4="true"/>
        
    </PRIMARY>
</pattern>
