<?xml version="1.0" encoding="utf-8"?>
<pattern>
	<PRIMARY speed="70">
        <State01 Extra1="true" Extra2="true" Extra3="false" Extra4="false"/>
        <State02 Extra1="false" Extra2="false" Extra3="false" Extra4="false"/>
        <State03 Extra1="true" Extra2="true" Extra3="false" Extra4="false"/>
        <State04 Extra1="false" Extra2="false" Extra3="false" Extra4="false"/>
        <State05 Extra1="true" Extra2="true" Extra3="false" Extra4="false" Speed="150"/>
        
        <State06 Extra1="false" Extra2="false" Extra3="false" Extra4="false" Speed="70"/>
        
        <State07 Extra1="false" Extra2="false" Extra3="true" Extra4="true"/>
        <State08 Extra1="false" Extra2="false" Extra3="false" Extra4="false"/>
        <State09 Extra1="false" Extra2="false" Extra3="true" Extra4="true"/>
        <State10 Extra1="false" Extra2="false" Extra3="false" Extra4="false"/>
        <State11 Extra1="false" Extra2="false" Extra3="true" Extra4="true" Speed="150"/>
        
        <State12 Extra1="false" Extra2="false" Extra3="false" Extra4="false" Speed="70"/>
        
        <State13 Extra1="true" Extra2="false" Extra3="false" Extra4="false"/>
        <State14 Extra1="true" Extra2="true" Extra3="false" Extra4="false"/>
        <State15 Extra1="true" Extra2="true" Extra3="true" Extra4="false"/>
        <State16 Extra1="true" Extra2="true" Extra3="true" Extra4="true"/>
        
        <State17 Extra1="false" Extra2="false" Extra3="false" Extra4="false"/>
        
        <State18 Extra1="false" Extra2="false" Extra3="false" Extra4="true"/>
        <State19 Extra1="false" Extra2="false" Extra3="true" Extra4="true"/>
        <State20 Extra1="false" Extra2="true" Extra3="true" Extra4="true"/>
        <State21 Extra1="true" Extra2="true" Extra3="true" Extra4="true"/>
        
        <State22 Extra1="false" Extra2="false" Extra3="false" Extra4="false"/>
        
        <State23 Extra1="true" Extra2="true" Extra3="false" Extra4="false"/>
    </PRIMARY>
</pattern>
